<Algorithms>
<Algorithm name="SmartSensorAlgorithm" package="com.motorola.android.sensorgestures.algorithm.smartsensoralgorithm" class=".SmartSensorAlgorithm">
<Accepts sensor="accelerometer" mandatory="yes" />
<Detects gesture="faceup" />
<Detects gesture="facedown" />
<Detects gesture="tap" />
<Detects gesture="doubletap" />
</Algorithm>
<Algorithm name="PedestrianAlgorithm" package="com.motorola.android.sensorgestures.algorithm.pedestrianalgorithm" class=".PedestrianAlgorithm">
<Accepts sensor="accelerometer" mandatory="yes" />
<Detects gesture="still" />
<Detects gesture="walk" />
<Detects gesture="run" />
<Detects gesture="jump" />
</Algorithm>
</Algorithms>
