<list>
  <string>__overwrite_all__</string>

  <map>
    <string name="title">Verizon Wireless</string>
    <string name="bookmark">1</string>
    <string name="url">http://converge.vzwwap.com/</string>
  </map>

  <map>
    <string name="title">Google</string>
    <string name="bookmark">1</string>
    <string name="url">http://www.google.com/m?client=ms-android-verizon&amp;source=android-home</string>
  </map>

  <map>
    <string name="title">Picasa</string>
    <string name="bookmark">1</string>
    <string name="url">http://picasaweb.google.com/m/viewer?source=androidclient</string>
  </map>

  <map>
    <string name="title">Yahoo!</string>
    <string name="bookmark">1</string>
    <string name="url">http://www.yahoo.com/</string>
  </map>

  <map>
    <string name="title">MSN</string>
    <string name="bookmark">1</string>
    <string name="url">http://www.msn.com/</string>
  </map>

  <map>
    <string name="title">mySpace</string>
    <string name="bookmark">1</string>
    <string name="url">http://www.myspace.com/</string>
  </map>

  <map>
    <string name="title">Facebook</string>
    <string name="bookmark">1</string>
    <string name="url">http://www.facebook.com/</string>
  </map>

  <map>
    <string name="title">Wikipedia</string>
    <string name="bookmark">1</string>
    <string name="url">http://www.wikipedia.org/</string>
  </map>

  <map>
    <string name="title">eBay</string>
    <string name="bookmark">1</string>
    <string name="url">http://www.ebay.com/</string>
  </map>

  <map>
    <string name="title">CNN</string>
    <string name="bookmark">1</string>
    <string name="url">http://www.cnn.com/</string>
  </map>

  <map>
    <string name="title">New York Times</string>
    <string name="bookmark">1</string>
    <string name="url">http://www.nytimes.com/</string>
  </map>

  <map>
    <string name="title">ESPN</string>
    <string name="bookmark">1</string>
    <string name="url">http://espn.com/</string>
  </map>

  <map>
    <string name="title">Amazon</string>
    <string name="bookmark">1</string>
    <string name="url">http://www.amazon.com/</string>
  </map>

  <map>
    <string name="title">Weather Channel</string>
    <string name="bookmark">1</string>
    <string name="url">http://www.weather.com/</string>
  </map>

  <map>
    <string name="title">BBC</string>
    <string name="bookmark">1</string>
    <string name="url">http://www.bbc.co.uk/</string>
  </map>
</list>
